topic,first_letter
To Bring,B
to Buy,B
False Comfort,C
Auricular Confession,C
Native Country,C
to Court or to Wooe,C
Fear of Death,D
Theologia ethnicorum,D
Theola Scholastica,D
Theola Mystica,D
lust of the eye,E
Holy Ghost,G
Drinking of Health,H
To Last,L
To Look,L
Book prayers,P
winter Quarters,Q
Book of Revelations,R
the Lords Supper,S
Old Testamt,T
New Testamt,T
Day of Visitation,U/V
the Vulgar,U/V
Martial disciplines,W
Broad & small way,W
good Works,W
Christs Wounds,W