input,match
Arab,#item-11159294e
Eccles,#item-a5ccacb02
martial,#item-c8bb7cbb6
Concup,#item-fc0000069
lasciv,#item-9d68ce6c6
eye,#item-79fb27907
visitation,#item-ac3777a9d
hell,#item-f1bae3bdb
run[n] away,#item-c04313dc0
adiaph,#item-41f589226
repentance,#item-db2b5deff
hands,#item-c70e2a039
term,#item-fb43076d5
prayer,#item-f73a3cdbd
various,#item-436bf55b3
Divinity,#item-190ae42e0
change,#item-fbe93edc3
shells,#item-bd0c3c135
Wit,#item-43eb9c689
lilly time,#item-e9ea40d0d
dainties,#item-5f95bfd5d
worship,#item-42eb3eb7d
kingdom,#item-39b5fb43b
passive,#item-dc60fc9ce
Old,#item-69108b61d
charitable,#item-dc6aa2678
fashions,#item-739548319
health,#item-d60a7e938
implicit,#item-90b8ab42e
Counterfeit,#item-c624a63d3
Self,#item-f26a20df0
last,#item-51e0fafcf